ID,Numero_Contrato,Tipo de Contrato,Nome_Empresarial_Contratante,CNPJ_Contratante,Status,Razao_Social_Contratada,CNPJ_Contratada,Data_Inicio_Vigencia,Data_Termino_Vigencia,Documento,ETC...
a8194de8-1c4f-4424-9837-16038d10bffb,PO_NUBr-Indirect-2024-008,Indireto,MONIN Brasil Indústria e Consultoria Empresarial Ltda,24.160.164/0002-172,CONCLUIDO,DELL COMPUTADORES DO BRASIL LTDA,72.381.189/0010-01,8/15/2024,8/15/2025,,
a9b8dc3c-d03e-439f-9470-3bfa51cf6e29,PO_NUBr-Indirect-2024-009,Indireto,MONIN Brasil Indústria e Consultoria Empresarial Ltda,24.160.164/0002-173,CONCLUIDO,MTS COMERCIO DE INFORMATICA EIRELI,02.351.637/0001-58,8/15/2024,8/15/2025,,
fa7afd97-007a-406f-b1d1-6a9bbea4c42d,PO_NUBr-Indirect-2024-015,Indireto,MONIN Brasil Indústria e Consultoria Empresarial Ltda,24.160.164/0002-167,CONCLUIDO,TECNAL IND. COM. IMP. E EXP. DE EQUIP. P/ LAB.LTDA,47.010.566/0001-68,8/19/2024,8/19/2025,,
56c0b857-9653-4dc6-920b-da6e08041fb8,PO_NUBr-Indirect-2024-011,Indireto,MONIN Brasil Indústria e Consultoria Empresarial Ltda,24.160.164/0002-169,CONCLUIDO,DMD ENGENHARIA E MONTAGENS INDUSTRIAIS LTDA,30.463.382/0001-50,8/19/2024,8/19/2025,,
386a726a-cbe7-4c18-bf07-717707446780,PO_NUBr-Indirect-2024-010,Indireto,MONIN Brasil Indústria e Consultoria Empresarial Ltda,24.160.164/0002-170,CONCLUIDO,ANTON PAAR BRASIL IMP. EXP COM DE INSTRUMENTOS LTDA.,17.025.823/0001-74,8/19/2024,8/19/2025,,
764f7351-62b5-4334-a8a6-74618e3cf397,PO_NUBr-Indirect-2024-013,Indireto,MONIN Brasil Indústria e Consultoria Empresarial Ltda,24.160.164/0002-171,CONCLUIDO,NOVA ETICA PRODUTOS E EQUIPAMENTOS CIENTIFICOS LTDA ( ETHIK TECHOLOGY ),02.063.134/0001.87,8/19/2024,8/19/2025,,
89a9634a-5ebb-4eae-8dae-af98469c1fc4,PO_NUBr-Indirect-2024-016,Indireto,MONIN Brasil Indústria e Consultoria Empresarial Ltda,24.160.164/0002-166,CONCLUIDO,Prolab Materiais para Laboratorios Ltda,52.078.276/0001-96,8/20/2024,8/20/2025,,
2ca2fd14-caef-4e39-8570-25ed823442bd,PO_NUBr-Indirect-2024-014,Indireto,MONIN Brasil Indústria e Consultoria Empresarial Ltda,24.160.164/0002-168,CONCLUIDO,Metrohm Brasil Instrumentação Analitica Ltda.,07.748.837/0001-62,8/20/2024,8/20/2025,,
a8ac22c3-860e-4d29-954b-f3845b8c2f1c,PO_NUBr-Indirect-2024-019,Indireto,MONIN Brasil Indústria e Consultoria Empresarial Ltda,24.160.164/0002-155,CONCLUIDO,Magazine Luiza S/A,13.884.775/0001-19,8/21/2024,8/21/2025,,
5b3b2b36-7a4a-4e09-b6a2-4a8705430ff7,PO_NUBr-Indireto-2024-021,Indireto,MONIN Brasil Indústria e Consultoria Empresarial Ltda,24.160.164/0002-164,CONCLUIDO,MTS COMERCIO DE INFORMATICA EIRELI,02.351.637/0001-58,8/21/2024,8/21/2025,,
9df074df-81c2-4a11-8c79-5d68e5e7a9ed,PO_NUBr-Indirect-2024-017,Indireto,MONIN Brasil Indústria e Consultoria Empresarial Ltda,24.160.164/0002-165,CONCLUIDO,TOLEDO DO BRASIL INDÚSTRIA DE BALANÇAS LTDA.,59.704.510/0001-92,8/21/2024,8/21/2025,,
f0c90e91-0348-4067-b33a-1ad2c88e7284,PO_NUBr-Indireto-2024-023,Indireto,MONIN Brasil Indústria e Consultoria Empresarial Ltda,24.160.164/0002-162,CONCLUIDO,AIDC Tecnologia Ltda.,07.500.596/0004-80,8/26/2024,8/26/2025,,
8216c2f9-e801-42ba-86e1-2bd3a6a3d3fb,PO_NUBr-Indirect-2024-020,Indireto,MONIN Brasil Indústria e Consultoria Empresarial Ltda,24.160.164/0002-163,CONCLUIDO,ATAGO BRASIL EQUIPAMENTOS LTDA,11.492.707/0001-89,8/26/2024,8/26/2025,,
9f7fec5a-9b80-4af1-b94f-ff67d87efa47,PO_NUBr-Indirect-2024-022,Indireto,MONIN Brasil Indústria e Consultoria Empresarial Ltda,24.160.164/0002-154,CONCLUIDO,ACQUASYS - LABORATORIO DE ANALISES AMBIENTAIS LTDA.,15.070.817/0001-03,8/27/2024,8/27/2025,,
630854a4-123a-4224-b259-3968489e0412,PO_NUBr-Indireto-2024-027,Indireto,MONIN Brasil Indústria e Consultoria Empresarial Ltda,24.160.164/0002-157,CONCLUIDO,ALSCO BRASIL LTDA,33.325.184/0002-08,8/27/2024,8/27/2025,,
37d48490-14aa-4efe-a69f-1bb882b0b361,PO_NUBr-Indireto-2024-024,Indireto,MONIN Brasil Indústria e Consultoria Empresarial Ltda,24.160.164/0002-161,CONCLUIDO,Ingram Micro Brasil Ltda,01.771.935/0010-25,8/27/2024,8/27/2025,,
fdd3ad20-8e96-4fa3-8e3c-c600b3a45b57,PO_NUBr-Indireto-2024-028,Indireto,MONIN Brasil Indústria e Consultoria Empresarial Ltda,24.160.164/0002-158,CONCLUIDO,Videojet do Brasil Comércio de Equipamentos para Codificação Industrial Ltda,00.028.876/0007-31,8/28/2024,8/28/2025,,
2c4595ff-31d9-42e4-b056-c50a8324d25f,PO_NUBr-Indireto-2024-026,Indireto,MONIN Brasil Indústria e Consultoria Empresarial Ltda,24.160.164/0002-160,CONCLUIDO,PRIME GERADORES LOCAÇÃO DE EQUIPAMENTOS LTDA,10.282.790/0001-07,8/28/2024,8/28/2025,,
9b51f877-4a17-4c36-a918-c38d03c4a2b1,PO_NUBr-Indirect-2024-025-mesclado,Indireto,MONIN Brasil Indústria e Consultoria Empresarial Ltda,24.160.164/0002-132,CONCLUIDO,Atlas Copco Brasil Ltda.,57.029.431/0051-67,8/29/2024,8/29/2025,,
a6a95b54-4a39-44b0-a41c-ddf2931759e6,PO_NUBr-2024-017_AMAD,Direto,MONIN Brasil Indústria e Consultoria Empresarial Ltda,24.160.164/0002-156,CONCLUIDO,AMAD,03.183.961/0004-10,8/29/2024,8/29/2025,,
5538c6a0-d851-4ea2-ad3c-ccf07d4a051c,PO_NUBr-Indireto-2024-030,Indireto,MONIN Brasil Indústria e Consultoria Empresarial Ltda,24.160.164/0002-150,CONCLUIDO,Smi do Brasil Comércio Importação e Exportação de Máquinas Ltda,02.590.671/0001-85,8/30/2024,8/30/2025,,
1d4c343f-3917-4eca-9677-5415175420a5,PO_NUBr-Indirect-2024-031,Indireto,MONIN Brasil Indústria e Consultoria Empresarial Ltda,24.160.164/0002-152,CONCLUIDO,MÁXIMA PRESTAÇÃO DE SERVIÇOS ESPECIALIZADOS LTDA,36.551.213/0001-59,8/30/2024,8/30/2025,,
1f726a50-3cf6-44f1-9f51-84aa3e87380a,PO_NUBr-Indireto-2024-018,Indireto,MONIN Brasil Indústria e Consultoria Empresarial Ltda,24.160.164/0002-153,CONCLUIDO,Mettlet Toledo Industra e Comercio LTDA,49.372.576/0001-79,8/30/2024,8/30/2025,,
b58d09dc-9beb-4788-bada-9cc64becfefe,PO_NUBr-2024-009_Tastepoint,Direto,MONIN Brasil Indústria e Consultoria Empresarial Ltda,24.160.164/0002-159,CONCLUIDO,TASTEPOINT (IFF),Importado,8/30/2024,8/30/2025,,
41fb2954-fee8-44a8-8d4e-7c6abdee2572,PO_NUBr-Indireto-2024-036,Indireto,MONIN Brasil Indústria e Consultoria Empresarial Ltda,24.160.164/0002-151,CONCLUIDO,WEST BRASIL DISTRIBUIDORA LTDA,05.869.791/0001-04,9/2/2024,9/2/2025,,
ae95d980-aef0-4dec-826b-e75a19212b8b,PO_NUBr-Indireto-2024-032,Indireto,MONIN Brasil Indústria e Consultoria Empresarial Ltda,24.160.164/0002-149,CONCLUIDO,Etablissements Perrier,Importado,9/3/2024,9/3/2025,,
c0c88f8e-7968-4254-a2c3-645fe6d7ddd0,PO_NUBr-Indirect-2024-038,Indireto,MONIN Brasil Indústria e Consultoria Empresarial Ltda,24.160.164/0002-147,CONCLUIDO,DDL CONTROLE DE PRAGAS LTDA,23.541.765/0001-34,9/4/2024,9/4/2025,,
ff971be1-cfd8-4fc4-bb5d-c9b34f35e3ce,CPO_NUBr-Indireto-2024-039,Indireto,MONIN Brasil Indústria e Consultoria Empresarial Ltda,24.160.164/0002-148,CONCLUIDO,Multibor Artefatos de Borracha LTDA,03.089.165/0001-70,9/5/2024,9/5/2025,,
d6699166-730e-49c6-a943-6739001368f4,PO_NUBr-Indireto-2024-040,Indireto,MONIN Brasil Indústria e Consultoria Empresarial Ltda,24.160.164/0002-146,CONCLUIDO,NutraLíder Consultoria Regulatória Ltda,28.839.378/0001-00,9/6/2024,9/6/2025,,
8c9408f7-8477-4d02-9e2d-453b2be13e62,PO_NUBr-Indireto-2024-041,Indireto,MONIN Brasil Indústria e Consultoria Empresarial Ltda,24.160.164/0002-144,CONCLUIDO,AMG FOODS REGULATORY AFFAIRS CONSULTORIA LTDA,14.475.667/0001-55,9/7/2024,9/7/2025,,
ca2772a5-de47-4223-9d10-00d79840f35e,PO_NUBr-Indirect-2024-043,Indireto,MONIN Brasil Indústria e Consultoria Empresarial Ltda,24.160.164/0002-140,CONCLUIDO,CLAUDIO FERNANDO DE JESUS CONSULTORIA ME ( CREARE VALOR CONSULTORIA ),21.925.495/0001-30,9/9/2024,9/9/2025,,
0f8653cc-caae-4ffa-8ad0-e5b7379ea34b,PO_NUBr-Indireto-2024-037,Indireto,MONIN Brasil Indústria e Consultoria Empresarial Ltda,24.160.164/0002-141,CONCLUIDO,ECOLAB QUIMICA LTDA,00.536.772/0001-42,9/9/2024,9/9/2025,,
10b4435f-1908-4c04-8e01-12bb6d401c32,PO_NUBr-Indirect-2024-029,Indireto,MONIN Brasil Indústria e Consultoria Empresarial Ltda,24.160.164/0002-142,CONCLUIDO,ITSHARE SOLUÇÕES EM TECNOLOGIA,31.389.146/0001-02,9/9/2024,9/9/2025,,
6774b869-9418-471a-938a-4b9b10288310,PO_NUBr-Indireto-2024-044,Indireto,MONIN Brasil Indústria e Consultoria Empresarial Ltda,24.160.164/0002-145,CONCLUIDO,Weishaupt do Brasil Ind. e Com. Ltda,43.084.466/0001-25,9/9/2024,9/9/2025,,
dfb57aa5-186d-429d-a3e9-5e63d12b131f,PO_NUBr-Indireto-2024-047,Indireto,MONIN Brasil Indústria e Consultoria Empresarial Ltda,24.160.164/0002-136,CONCLUIDO,Upton Indústria e Comércio de Máquinas e Equipamentos LTDA.,07.248.896/0001-71,9/10/2024,9/10/2025,,
06c50df5-bd9c-4b6f-acf6-c4e26421e3a4,PO_NUBr-Indireto-2024-045,Indireto,MONIN Brasil Indústria e Consultoria Empresarial Ltda,24.160.164/0002-137,CONCLUIDO,"TRANSREMOCAO TRANSPORTE PESADOS, REMOCOES TECNICAS E ARMAZEN",60.972.585/0001-33,9/10/2024,9/10/2025,,
6b0c8766-36f9-4f36-8033-04643624c09e,PO_NUBr-Indireto-2024-046,Indireto,MONIN Brasil Indústria e Consultoria Empresarial Ltda,24.160.164/0002-139,CONCLUIDO,PLOC CONTEUDO AUDIO VISUAL LTDA,43.214.681/0001-01,9/10/2024,9/10/2025,,
59da2f50-eefd-408e-b5f9-99e9fdfa72de,PO_NUBr-Indireto-2024-042,Indireto,MONIN Brasil Indústria e Consultoria Empresarial Ltda,24.160.164/0002-143,CONCLUIDO,RL HIGIENE SOROCABA LTDA,46.422.855/0001-01,9/10/2024,9/10/2025,,
41f91d05-ad57-46b9-bf65-88dee2c8bae2,PO_NUBr-Indirect-2024-033,Indireto,MONIN Brasil Indústria e Consultoria Empresarial Ltda,24.160.164/0002-138,CONCLUIDO,TRADIMAQ S.A.,22.320.881/0001-60,9/11/2024,9/11/2025,,
f517c49a-da42-4781-8454-04d86aa9c398,PO_NUBr-Indireto-2024-048,Indireto,MONIN Brasil Indústria e Consultoria Empresarial Ltda,24.160.164/0002-135,CONCLUIDO,DINATESTE IND E COM LTDA,47.900.816/0001-35,9/13/2024,9/13/2025,,
7472543c-3d0b-470b-b290-49431c6d7886,NUBr-Indireto-2024-035,Indireto,MONIN Brasil Indústria e Consultoria Empresarial Ltda,24.160.164/0002-134,CONCLUIDO,E.P ENGENHARIA DO PROCESSO LTDA,51.931.954/0001-59,9/16/2024,9/16/2025,,
1e2835a3-b08f-4bda-ae7f-6c0bcef63975,PO_NUBr-Indireto-2024-049,Indireto,MONIN Brasil Indústria e Consultoria Empresarial Ltda,24.160.164/0002-133,CONCLUIDO,ZAMETAL TÉCNICA E MECÂNICA INDUSTRIAL LTDA,81.021.198/0001-91,9/17/2024,9/17/2025,,
f6108462-ae9d-4435-b4ab-474573da09d2,PO_NUBr-Indireto-2024-50,Indireto,MONIN Brasil Indústria e Consultoria Empresarial Ltda,24.160.164/0002-131,CONCLUIDO,ESAME MEDICINA DO TRABALHO LTDA,52.700.028/0001-35,9/20/2024,9/20/2025,,
d7a45fea-ebe5-4269-b320-cb9eff44b7f8,PO_NUBr-Indireto-2024-051,Indireto,MONIN Brasil Indústria e Consultoria Empresarial Ltda,24.160.164/0002-128,CONCLUIDO,Project Explo Consultoria e Treinamentos Ltda,56.601.867/0001-57,9/24/2024,9/24/2025,,
ee7317d2-6973-4d31-b6be-6a6d1920aa57,PO_NUBr-Indireto-2024-053,Indireto,MONIN Brasil Indústria e Consultoria Empresarial Ltda,24.160.164/0002-130,CONCLUIDO,Dayane Bovo de Oliveira Rocha ( IBR TREINAMENTOS),55.486.363/0001-70,9/24/2024,9/24/2025,,
a3039975-4e8c-4319-a38b-f6ad47ac20cb,PO_NUBr-Indireto-2024-054,Indireto,MONIN Brasil Indústria e Consultoria Empresarial Ltda,24.160.164/0002-126,CONCLUIDO,Bolivar Produtos Plásticos LTDA ( Plastitalia ),01.618.295/0001-27,9/25/2024,9/25/2025,,
87e60c05-f25c-437d-b154-596923d3ae70,PO_NUBr-Indireto-2024-052.,Indireto,MONIN Brasil Indústria e Consultoria Empresarial Ltda,24.160.164/0002-129,CONCLUIDO,AIDC Tecnologia Ltda.,07.500.596/0004-80,9/25/2024,9/25/2025,,
03eea3c7-1857-4e56-bef3-463a79dd1c43,PO_NUBr-Indireto-2024-030,Indireto,MONIN Brasil Indústria e Consultoria Empresarial Ltda,24.160.164/0002-127,CONCLUIDO,Irani Papel e Embalagem S.A,92.791.243/0021-57,9/27/2024,9/27/2025,,
07313876-8918-4df0-9370-b620a17e2305,PO_NUBr-Indireto-2024-056,Indireto,MONIN Brasil Indústria e Consultoria Empresarial Ltda,24.160.164/0002-122,CONCLUIDO,Multibor Artefatos de Borracha LTDA,03.089.165/0001-70,9/30/2024,9/30/2025,,
8931c733-9294-42c0-b39d-6702ef40f9b7,PO_NUBr-Indireto-2024-057,Indireto,MONIN Brasil Indústria e Consultoria Empresarial Ltda,24.160.164/0002-123,CONCLUIDO,GETROTECH COMERCIAL ELETRICA IMPORTACAO E EXPORTACAO LTDA,05.824.013/0001-07,9/30/2024,9/30/2025,,
d355abe4-35f3-4e26-9432-8342a30eb4a6,PO_NUBr-Indireto-2024-055,Indireto,MONIN Brasil Indústria e Consultoria Empresarial Ltda,24.160.164/0002-124,CONCLUIDO,ANHANGUERA COMERCIO DE FERRAMENTAS LTDA,00.565.813/0001-29,9/30/2024,9/30/2025,,
007f6ca2-a423-4445-a386-bebc121c9390,PO NUBr-Indireto-2024-029,Indireto,MONIN Brasil Indústria e Consultoria Empresarial Ltda,24.160.164/0002-125,CONCLUIDO,SAKAS INGREDIENTES ALIMENTARES LTDA,23.740.560/0001-88,9/30/2024,9/30/2025,,
d96b7eed-064f-4e6f-b03e-baa071a08f4a,PO_NUBr-Indireto-2024-058,Indireto,MONIN Brasil Indústria e Consultoria Empresarial Ltda,24.160.164/0002-120,CONCLUIDO,ABECOM Rolamentos e Produtos de Borracha Ltda.,61.478.897/0001-58,10/1/2024,10/1/2025,,
661c8520-ad91-4d7a-ae9f-a356b2fa1e9c,PO_NUBr-Indireto-2024-059,Indireto,MONIN Brasil Indústria e Consultoria Empresarial Ltda,24.160.164/0002-121,CONCLUIDO,P.E. LATINA MÁQUINAS PARA ROTULAGEM LTDA.,08.243.877/0001-15,10/3/2024,10/3/2025,,
fb91255f-6dfc-416a-a130-236241babe65,Contrato Tecnoset + Monin - PO_NUBr-Indirect-2024-060,Indireto,MONIN Brasil Indústria e Consultoria Empresarial Ltda,24.160.164/0002-116,CONCLUIDO,"TECNOSET INFORMÁTICA PRODUTOS E SERVIÇOS LTDA.,",64.799.539/0001-35,10/9/2024,10/9/2025,,
70c239d3-7a7c-4bd3-ba3b-427d0d466b86,PO_NUBr-2024-031_GUALA,Direto,MONIN Brasil Indústria e Consultoria Empresarial Ltda,24.160.164/0002-118,CONCLUIDO,GUALA CLOSURES BRASIL LTDA.,46.664.330/0001-82,10/9/2024,10/9/2025,,
337a7dfd-f42c-48a5-aae4-0606a4b01dcb,PO_NUBr-Indireto-2024-060,Indireto,MONIN Brasil Indústria e Consultoria Empresarial Ltda,24.160.164/0002-119,CONCLUIDO,"TECNOSET INFORMÁTICA PRODUTOS E SERVIÇOS LTDA.,",64.799.539/0001-35,10/9/2024,10/9/2025,,
8c444cff-f1fd-4bbe-810f-afc9779b04a7,PO_NUBr-Indireto-2024-063,Indireto,MONIN Brasil Indústria e Consultoria Empresarial Ltda,24.160.164/0002-110,CONCLUIDO,MÁXIMA PRESTAÇÃO DE SERVIÇOS ESPECIALIZADOS LTDA,36.551.213/0001-59,10/11/2024,10/11/2025,,
b1390557-4d5e-4c30-b6da-b721f79ec297,PO_NUBr-Indireto-2024-062.,Indireto,MONIN Brasil Indústria e Consultoria Empresarial Ltda,24.160.164/0002-117,CONCLUIDO,ZAMETAL TÉCNICA E MECÂNICA INDUSTRIAL LTDA,81.021.198/0001-91,10/11/2024,10/11/2025,,
aceb9402-c163-43f8-8ae3-7509a3521544,PO_NUBr-SC-2024-004 + Contrato Vogler,Direto,MONIN Brasil Indústria e Consultoria Empresarial Ltda,24.160.164/0002-111,CONCLUIDO,VOGLER INGREDIENTS LTDA,62.185.905/0001-30,10/15/2024,10/15/2025,,
d51a9bd4-483b-4655-b702-498a8b0bf5f9,PO_NUBr-Indireto-2024-069,Indireto,MONIN Brasil Indústria e Consultoria Empresarial Ltda,24.160.164/0002-112,CONCLUIDO,America Tecnologia de Informatica e Eletro - Eletronicos Sp LTDA,08.853.108/0001-39,10/16/2024,10/16/2025,,
d6924bb9-712b-4fbd-97b5-558a5e30939b,PO_NUBr-Indireto-2024-064,Indireto,MONIN Brasil Indústria e Consultoria Empresarial Ltda,24.160.164/0002-107,CONCLUIDO,IFM ELECTRONIC LTDA,02.263.430/0003-93,10/17/2024,10/17/2025,,
1fcba7fb-6302-4d58-b45b-fb171b3613af,PO_NUBr-Indireto-2024-061,Indireto,MONIN Brasil Indústria e Consultoria Empresarial Ltda,24.160.164/0002-108,CONCLUIDO,Multibor Artefatos de Borracha LTDA,03.089.165/0001-70,10/18/2024,10/18/2025,,
19166da8-9db7-4703-bf51-3f2a4ad94a46,PO_NUBr-Indireto-2024-070,Indireto,MONIN Brasil Indústria e Consultoria Empresarial Ltda,24.160.164/0002-109,CONCLUIDO,Multibor Artefatos de Borracha LTDA,03.089.165/0001-70,10/18/2024,10/18/2025,,
ce3c5bf5-f1fc-4695-834a-a9fad67dbc86,PO_NUBr-Indireto-2024-067,Indireto,MONIN Brasil Indústria e Consultoria Empresarial Ltda,24.160.164/0002-113,CONCLUIDO,MERSE ARTIGOS PARA LABORATÓRIOS LTDA,68.877.752/0001-79,10/18/2024,10/18/2025,,
5417342f-b265-40a8-b6e5-eacad0176c78,PO_NUBr-Indireto-2024-065,Indireto,MONIN Brasil Indústria e Consultoria Empresarial Ltda,24.160.164/0002-114,CONCLUIDO,PRLABOR COMÉRCIO DE PRODUTOS E EQUIPAMENTOS PARA LABORATÓRIO LTDA,15.188.525/0001-70,10/18/2024,10/18/2025,,
0d603996-29f6-4a98-a82b-d654f8fb2e9b,PO_NUBr-Indireto-2024-066,Indireto,MONIN Brasil Indústria e Consultoria Empresarial Ltda,24.160.164/0002-115,CONCLUIDO,Prolab Materiais para Laboratorios Ltda,52.078.276/0001-96,10/18/2024,10/18/2025,,
d1fdd490-3204-4284-adf8-28b5eb6d80c3,PO_NUBr-Indireto-2024-071,Indireto,MONIN Brasil Indústria e Consultoria Empresarial Ltda,24.160.164/0002-106,CONCLUIDO,SALUTE EMERGÊNCIAS MÉDICAS LTDA.,29.234.886/0001-10,10/21/2024,10/21/2025,,
059406c1-b170-449a-9a53-58a522327d2b,PO_NUBr-Indireto-2024-075,Indireto,MONIN Brasil Indústria e Consultoria Empresarial Ltda,24.160.164/0002-103,CONCLUIDO,Rocha Ferramentaria LTDA,01.390.446/0001-32,10/23/2024,10/23/2025,,
6c232cd2-7a17-4f9e-9875-3bedc05af3df,PO_NUBr-Indireto-2024-078,Indireto,MONIN Brasil Indústria e Consultoria Empresarial Ltda,24.160.164/0002-104,CONCLUIDO,VINICIUS NUNES CANHOELLA-LTDA ( WORLD CLEAN ),48.285.446/0001-36,10/23/2024,10/23/2025,,
c7374a6a-12ec-41b0-a46b-6a486a9916d0,NUBr-Indireto-2024-074,Indireto,MONIN Brasil Indústria e Consultoria Empresarial Ltda,24.160.164/0002-105,CONCLUIDO,Multibor Artefatos de Borracha LTDA,03.089.165/0001-70,10/23/2024,10/23/2025,,
847b05dc-0e7e-4db3-be95-61d6f22e39d2,PO_NUBr-Indireto-2024-084,Indireto,MONIN Brasil Indústria e Consultoria Empresarial Ltda,24.160.164/0002-98,CONCLUIDO,RL HIGIENE SOROCABA LTDA,46.422.855/0001-01,10/25/2024,10/25/2025,,
af13f7c5-ce2d-419d-bba3-b1933a9a2d43,PO_NUBr-Indireto-2024-085,Indireto,MONIN Brasil Indústria e Consultoria Empresarial Ltda,24.160.164/0002-100,CONCLUIDO,Rocha Ferramentaria LTDA,01.390.446/0001-32,10/25/2024,10/25/2025,,
0f4e2546-9fb1-40f8-a0bb-5b45efa24b22,PO_NUBr-Indireto-2024-080,Indireto,MONIN Brasil Indústria e Consultoria Empresarial Ltda,24.160.164/0002-101,CONCLUIDO,Limpapy Comércio de Produtos de Limpeza Ltda,03.065.518/0001-00,10/25/2024,10/25/2025,,
f5d9b8e1-a4f7-48f8-aaf3-e41f2e3fb453,PO_NUBr-Indireto-2024-081,Indireto,MONIN Brasil Indústria e Consultoria Empresarial Ltda,24.160.164/0002-102,CONCLUIDO,ANHANGUERA COMERCIO DE FERRAMENTAS LTDA,00.565.813/0001-29,10/25/2024,10/25/2025,,
2a232785-3f80-46e1-9559-07b0ac2dad4c,PO_NUBr-Indireto-2024-089,Indireto,MONIN Brasil Indústria e Consultoria Empresarial Ltda,24.160.164/0002-96,CONCLUIDO,BW EQUIPAMENTOS E MAQUINAS LTDA,41.270.409/0001-05,10/28/2024,10/28/2025,,
2c017f83-1fdd-4f78-bac9-eca4313e4efe,PO_NUBr-Indireto-2024-082,Indireto,MONIN Brasil Indústria e Consultoria Empresarial Ltda,24.160.164/0002-97,CONCLUIDO,AIDC Tecnologia Ltda.,07.500.596/0004-80,10/28/2024,10/28/2025,,
fb2b602b-c80a-439f-815a-8f291870a29c,PO_NUBr-Indireto-2024-086,Indireto,MONIN Brasil Indústria e Consultoria Empresarial Ltda,24.160.164/0002-99,CONCLUIDO,VISA SINALIZAÇÃO COMERCIO E SERVIÇO LTDA,06.260.059/0001-03,10/28/2024,10/28/2025,,
628f775b-51d5-466a-be7c-dbf75a143e62,PO_NUBr-Indireto-2024-088,Indireto,MONIN Brasil Indústria e Consultoria Empresarial Ltda,24.160.164/0002-90,CONCLUIDO,DHARMACOM TELECOMUNICACOES LTDA,07.312.805/0001-10,10/29/2024,10/29/2025,,
e041d09f-219f-47d3-b912-ad77e5d13ed3,PO_NUBr-Indireto-2024-092,Indireto,MONIN Brasil Indústria e Consultoria Empresarial Ltda,24.160.164/0002-91,CONCLUIDO,Mettlet Toledo Industra e Comercio LTDA,49.372.576/0001-79,10/29/2024,10/29/2025,,
51f2a593-8837-4bb1-8d90-a0efeef9cc29,PO_NUBr-Indireto-2024-091,Indireto,MONIN Brasil Indústria e Consultoria Empresarial Ltda,24.160.164/0002-92,CONCLUIDO,Multibor Artefatos de Borracha LTDA,03.089.165/0001-70,10/29/2024,10/29/2025,,
0b7ac32e-be90-4de8-9fbb-0569b2240f74,PO_NUBr-Indireto-2024-073,Indireto,MONIN Brasil Indústria e Consultoria Empresarial Ltda,24.160.164/0002-93,CONCLUIDO,Tagout Treinamento e Comércio de Equipamento de Proteção de Segurança Industrial LTDA,14.600.552/0001-45,10/29/2024,10/29/2025,,
956d5414-834a-4cf1-8e38-72b4259321dd,PO_NUBr-Indireto-2024-090,Indireto,MONIN Brasil Indústria e Consultoria Empresarial Ltda,24.160.164/0002-94,CONCLUIDO,Alumaker Indústria e Comércio Ltda.,10.992.010/0001-04,10/29/2024,10/29/2025,,
53ebacc4-4fc2-4853-ac43-812b797c5f16,PO_NUBr-Indireto-2024-095,Indireto,MONIN Brasil Indústria e Consultoria Empresarial Ltda,24.160.164/0002-78,CONCLUIDO,RL HIGIENE SOROCABA LTDA,46.422.855/0001-01,10/31/2024,10/31/2025,,
d369388f-d01c-41a5-81c3-8aae8052df6f,PO_NUBr-Indireto-2024-093,Indireto,MONIN Brasil Indústria e Consultoria Empresarial Ltda,24.160.164/0002-84,CONCLUIDO,Mazzucco Industria Grafica Ltda,07.554.797/0001-18,10/31/2024,10/31/2025,,
69f37653-e0ff-4b0a-be48-218c02258a2e,NUBr-2024-026 rev2,Direto,MONIN Brasil Indústria e Consultoria Empresarial Ltda,24.160.164/0002-88,CONCLUIDO,PROJLAB IND. COM. DE MÓVEIS PARA LAB. LTDA,09.613.966/0001-79,10/31/2024,10/31/2025,,
e40e539f-ab93-44b0-a81d-f2a3ff47447f,NUBr-2024-034-RAÍZEN.,Direto,MONIN Brasil Indústria e Consultoria Empresarial Ltda,24.160.164/0002-83,CONCLUIDO,Raízen Caarapó Açucar e Alcool LTDA - TARUMÃ,09.538.989/0007-51,11/1/2024,11/1/2025,,
cff2a0f8-7e0e-4480-9684-a8cd4751732a,PO_NUBr-Indireto-2024-097,Indireto,MONIN Brasil Indústria e Consultoria Empresarial Ltda,24.160.164/0002-85,CONCLUIDO,FIXARDIGITAL COMUNICACAO VISUAL LTDA,17.576.698/0001-90,11/1/2024,11/1/2025,,
25c931e1-d5f2-4a78-8880-59b0bf0736b9,NUBr-SC-2024-033,Direto,MONIN Brasil Indústria e Consultoria Empresarial Ltda,24.160.164/0002-86,CONCLUIDO,Irani Papel e Embalagem S.A,92.791.243/0021-57,11/1/2024,11/1/2025,,
bfd6b224-35e5-4685-a901-e67bbf0a7b22,PO_NUBr-Indireto-2024-096,Indireto,MONIN Brasil Indústria e Consultoria Empresarial Ltda,24.160.164/0002-87,CONCLUIDO,CVS Ind. Com. e Assistência Técnica Ltda.,20.467.991/0001-24,11/1/2024,11/1/2025,,
14ec4de1-9b78-41fb-a7c4-e25c6348bfdf,PO_NUBr-Indireto-2024-094,Indireto,MONIN Brasil Indústria e Consultoria Empresarial Ltda,24.160.164/0002-89,CONCLUIDO,CORDEIRO - MAQUINAS E FERRAMENTAS LTDA,71.449.201/0001-19,11/1/2024,11/1/2025,,
7b5c1c83-b362-4f81-aae2-8620c2016b1a,PO_NUBr-2024-011 e PO_NUBr-2024-012 + CONTRATO,Direto,MONIN Brasil Indústria e Consultoria Empresarial Ltda,24.160.164/0002-79,CONCLUIDO,Sensient Color BR,04.249.052/0001-57,11/5/2024,11/5/2025,,
0e9d817b-fc05-43c7-91fa-ebc25f31c90f,PO_NUBr-SC-2024-099,Direto,MONIN Brasil Indústria e Consultoria Empresarial Ltda,24.160.164/0002-80,CONCLUIDO,"TRANSREMOCAO TRANSPORTE PESADOS, REMOCOES TECNICAS E ARMAZEN",60.972.585/0001-33,11/5/2024,11/5/2025,,
f6aa7654-4aa9-4d29-a0df-216e64ae0206,PO_NUBr-Indireto-2024-102,Indireto,MONIN Brasil Indústria e Consultoria Empresarial Ltda,24.160.164/0002-75,CONCLUIDO,Ingram Micro Brasil Ltda,01.771.935/0010-25,11/6/2024,11/6/2025,,
ed7c5c8b-eacc-4ff1-8406-1eedfa303879,PO_NUBr-Indireto-2024-101,Indireto,MONIN Brasil Indústria e Consultoria Empresarial Ltda,24.160.164/0002-77,CONCLUIDO,Scansource Brasil Distribuidora de Tecnologias Ltda.,05.607.657/0010-26,11/6/2024,11/6/2025,,
cc3a89d3-3544-40e5-8706-c7eb11af2371,PO_NUBr-Indireto-2024-100,Indireto,MONIN Brasil Indústria e Consultoria Empresarial Ltda,24.160.164/0002-81,CONCLUIDO,INFORSHOP SUPRIMENTOS LTDA,56.215.999/0008-17,11/6/2024,11/6/2025,,
377fd79f-b237-410d-b2df-5e88cf35f5fa,PO_NUBr-Indireto-2024-103,Indireto,MONIN Brasil Indústria e Consultoria Empresarial Ltda,24.160.164/0002-82,CONCLUIDO,ACQUASYS - LABORATORIO DE ANALISES AMBIENTAIS LTDA.,15.070.817/0001-03,11/6/2024,11/6/2025,,
808bfcfd-8c9d-42a5-9de9-18cea2505fd3,PO_NUBr-Indireto-2024-105,Indireto,MONIN Brasil Indústria e Consultoria Empresarial Ltda,24.160.164/0002-76,CONCLUIDO,CADATUR TRANSPORTES E TURISMO LTDA,01.212.764/0001-03,11/7/2024,11/7/2025,,
073e0651-9b90-4788-9f6e-5a50bcdaabcf,PO_NUBr-Indireto-2024-107,Indireto,MONIN Brasil Indústria e Consultoria Empresarial Ltda,24.160.164/0002-74,CONCLUIDO,"COMERCIAL MASTER MOVEIS, VIDROS E ESPELHOS LTDA",29.867.092/0001-93,11/8/2024,11/8/2025,,
4b4424e6-c5e8-44d4-85dd-4ec1620ff315,PO_NUBr-Indireto-2024-106,Indireto,MONIN Brasil Indústria e Consultoria Empresarial Ltda,24.160.164/0002-73,CONCLUIDO,STANCATI & BONATO LTDA - EPP,68.350.248/0001-16,11/11/2024,11/11/2025,,
cd593e8c-7acf-4696-9df6-9ea1833119ed,PO_NUBr-Indireto-2024-104,Indireto,MONIN Brasil Indústria e Consultoria Empresarial Ltda,24.160.164/0002-72,CONCLUIDO,Empack Manutenção Industrial Ltda,24.160.164/0002-25,11/12/2024,11/12/2025,,
0026654b-b694-40e1-b6d0-177ee8962a5c,PO_NUBr-Indirect-2024-098,Indireto,MONIN Brasil Indústria e Consultoria Empresarial Ltda,24.160.164/0002-68,CONCLUIDO,NEOGAS DO BRASIL GÁS NATURAL COMPRIMIDO S.A.,04.221.716/0001-70,11/13/2024,11/13/2025,,
ac684992-c48f-4399-a4c7-54ade7c40b35,PO_NUBr-SC_2024-035,Direto,MONIN Brasil Indústria e Consultoria Empresarial Ltda,24.160.164/0002-70,CONCLUIDO,FLEXCOAT PRODUTOS AUTO ADESIVOS S/A (MCC LABEL),48.062.707/0001-59,11/14/2024,11/14/2025,,
75ccc44a-d365-48be-a404-c836c92347c9,PO_NUBr-Indirect-2024-108,Indireto,MONIN Brasil Indústria e Consultoria Empresarial Ltda,24.160.164/0002-71,CONCLUIDO,Salmeron Ambiental Ltda,43.747.559/0001-92,11/14/2024,11/14/2025,,
cb4dfba8-00fd-42a8-aaf3-7b0a545ea122,PO_NUBr-Indireto-2024-111,Indireto,MONIN Brasil Indústria e Consultoria Empresarial Ltda,24.160.164/0002-66,CONCLUIDO,P.E. LATINA MÁQUINAS PARA ROTULAGEM LTDA.,08.243.877/0001-15,11/18/2024,11/18/2025,,
00fc7416-627c-4fbe-92d5-d50656c736fa,PO_NUBr-2024-036_GUALA,Direto,MONIN Brasil Indústria e Consultoria Empresarial Ltda,24.160.164/0002-69,CONCLUIDO,GUALA CLOSURES S.P.A. Società Unipersonale,Importado,11/19/2024,11/19/2025,,
623cd8e3-b06b-447e-b003-d5236e78753b,PO_NUBr-Indireto-2024-113,Indireto,MONIN Brasil Indústria e Consultoria Empresarial Ltda,24.160.164/0002-61,CONCLUIDO,Bolivar Produtos Plásticos LTDA ( Plastitalia ),01.618.295/0001-27,11/26/2024,11/26/2025,,
056b95f0-c9e2-40bf-bd9a-479c2f2b504c,PO_NUBr-Indireto-2024-112.,Indireto,MONIN Brasil Indústria e Consultoria Empresarial Ltda,24.160.164/0002-62,CONCLUIDO,SIGA GEOMARKETING GESTÃO EMPRESARIAL LTDA,32.302.869/0001-87,11/26/2024,11/26/2025,,
18835a7e-2fee-4d08-b1e9-a2c024ec7bdf,PO_NUBr-Indireto-2024-077,Indireto,MONIN Brasil Indústria e Consultoria Empresarial Ltda,24.160.164/0002-65,CONCLUIDO,Weishaupt do Brasil Ind. e Com. Ltda,43.084.466/0001-25,11/26/2024,11/26/2025,,
dbfd453b-a02c-4411-bde2-ead64c9aa706,PO_NUBr-Indireto-2024-110,Indireto,MONIN Brasil Indústria e Consultoria Empresarial Ltda,24.160.164/0002-67,CONCLUIDO,Etablissements Perrier,Importado,11/26/2024,11/26/2025,,
a2ed50da-e120-4410-8abb-0ff890b3b6e0,PO_NUBr-Indireto-2024-115,Indireto,MONIN Brasil Indústria e Consultoria Empresarial Ltda,24.160.164/0002-63,CONCLUIDO,SANTA Rita Ferragens e Ferramentas LTDA.,47.805.406/0001-50,11/27/2024,11/27/2025,,
55d4f2a5-28f7-476c-9712-3a378c83b027,PO_NUBr-Indireto-2024-114,Indireto,MONIN Brasil Indústria e Consultoria Empresarial Ltda,24.160.164/0002-64,CONCLUIDO,Multibor Artefatos de Borracha LTDA,03.089.165/0001-70,11/27/2024,11/27/2025,,
3f586655-031e-472e-b599-e3d2a39181a5,PO_NUBr-Indireto-2024-116,Indireto,MONIN Brasil Indústria e Consultoria Empresarial Ltda,24.160.164/0002-25,CONCLUIDO,Renata de Abreu Vieira Constantino ME ( IMPACTO TELAS),09.383.745/0001-51,11/28/2024,11/28/2025,,
7b201bab-3763-4465-8c9a-a38974d0b5fb,PO_NUBr-Indireto-2024-068,Indireto,MONIN Brasil Indústria e Consultoria Empresarial Ltda,24.160.164/0002-59,CONCLUIDO,DELPHOS SERV EMPR COM EQUIP ELEL LTDA,08.288.889/0001-66,11/28/2024,11/28/2025,,
3f586655-031e-472e-b599-e3d2a39181a5,PO_NUBr-Indireto-2024-116,Indireto,MONIN Brasil Indústria e Consultoria Empresarial Ltda,24.160.164/0002-60,CONCLUIDO,Renata de Abreu Vieira Constantino ME ( IMPACTO TELAS),09.383.745/0001-51,11/28/2024,11/28/2025,,
1a95fb5c-5c35-4cb0-a53c-6c3dc51f3172,PO_NUBr-Indireto-2024-117,Indireto,MONIN Brasil Indústria e Consultoria Empresarial Ltda,24.160.164/0002-58,CONCLUIDO,"TRANSREMOCAO TRANSPORTE PESADOS, REMOCOES TECNICAS E ARMAZEN",60.972.585/0001-33,11/29/2024,11/29/2025,,
0f4a1894-a207-46df-be94-48b6ca1585cb,PO_NUBr-Indireto-2024-087,Indireto,MONIN Brasil Indústria e Consultoria Empresarial Ltda,24.160.164/0002-95,CONCLUIDO,SMW COMERCIO E SERVIÇOS LTDA - ME,02.939.644/0001-75,11/29/2024,11/29/2025,,
b763fed2-1a05-42e1-b840-b3220988b078,PO_NUBr-Indireto-2024-118,Indireto,MONIN Brasil Indústria e Consultoria Empresarial Ltda,24.160.164/0002-55,CONCLUIDO,VISA SINALIZAÇÃO COMERCIO E SERVIÇO LTDA,06.260.059/0001-03,12/4/2024,12/4/2025,,
a75f26e6-cfb9-4222-b195-c2eeb02a4c73,PO_NUBr-Indireto-2024-121,Indireto,MONIN Brasil Indústria e Consultoria Empresarial Ltda,24.160.164/0002-54,CONCLUIDO,RL HIGIENE SOROCABA LTDA,46.422.855/0001-01,12/6/2024,12/6/2025,,
89aba295-09d3-4b3a-b6c3-4cd51de6c954,PO_NUBr-Indireto-2024-119,Indireto,MONIN Brasil Indústria e Consultoria Empresarial Ltda,24.160.164/0002-56,CONCLUIDO,JRP TREINAMENTOS LTDA,22.880.100/0001-92,12/6/2024,12/6/2025,,
a9b33783-387a-4113-820e-0560bf1e080f,PO_NUBr-SC_2024-054,Direto,MONIN Brasil Indústria e Consultoria Empresarial Ltda,24.160.164/0002-57,CONCLUIDO,FLEXCOAT PRODUTOS AUTO ADESIVOS S/A (MCC LABEL),48.062.707/0001-59,12/6/2024,12/6/2025,,
12e10df0-9b56-4f10-ab21-2058bb0708ea,NUBr-SC-2024-042 + CONTRATO,Direto,MONIN Brasil Indústria e Consultoria Empresarial Ltda,24.160.164/0002-34,CONCLUIDO,OWENS-ILLINOIS DO BRASIL IND. E COM. LTDA,08.910.541/0001-69,12/11/2024,12/11/2025,,
1f386c8c-bc99-4dd6-9164-089181d9a89e,PO_NUBr-2024-039_AROMATECH,Direto,MONIN Brasil Indústria e Consultoria Empresarial Ltda,24.160.164/0002-44,CONCLUIDO,Aromatech Flavorings Inc,Importado,12/11/2024,12/11/2025,,
869a613a-659d-4ad0-8dd9-86e6082d3c28,PO_NUBr-SC-2024-053_TAKASAGO,Direto,MONIN Brasil Indústria e Consultoria Empresarial Ltda,24.160.164/0002-45,CONCLUIDO,Takasago Europe GmbH,Importado,12/11/2024,12/11/2025,,
db96126f-d1f1-4eef-8bf3-92f58f262ecd,PO_NUBr-Indireto-2024-027 - Rev. 01,Indireto,MONIN Brasil Indústria e Consultoria Empresarial Ltda,24.160.164/0002-49,CONCLUIDO,ALSCO BRASIL LTDA,33.325.184/0002-08,12/11/2024,12/11/2025,,
ac80ab6e-06f4-46d6-979f-0dcd7f128e2f,PO_NUBr-SC-2024-041,Direto,MONIN Brasil Indústria e Consultoria Empresarial Ltda,24.160.164/0002-50,CONCLUIDO,Irani Papel e Embalagem S.A,92.791.243/0021-57,12/11/2024,12/11/2025,,
5d76f9e3-7cd6-4ad0-bbd8-8c64ccb8a595,PO_NUBr-SC-2024-043,Direto,MONIN Brasil Indústria e Consultoria Empresarial Ltda,24.160.164/0002-51,CONCLUIDO,VOGLER INGREDIENTS LTDA,62.185.905/0001-30,12/11/2024,12/11/2025,,
677a6077-cb28-4433-a043-bbf486e9e2f5,PO_NUBr-Indireto-2024-125,Indireto,MONIN Brasil Indústria e Consultoria Empresarial Ltda,24.160.164/0002-52,CONCLUIDO,HD PHONES LTDA,53.819.933/0001-71,12/11/2024,12/11/2025,,
7bf0adcf-30da-42cd-8132-ad7c65c50d0a,PO_NUBr-2024-046_GUALA,Direto,MONIN Brasil Indústria e Consultoria Empresarial Ltda,24.160.164/0002-53,CONCLUIDO,GUALA CLOSURES S.P.A. Società Unipersonale,Importado,12/11/2024,12/11/2025,,
cdc303ba-cedd-422e-9a32-7c997909dbf8,PO_NUBr-Indireto-2024-129,Indireto,MONIN Brasil Indústria e Consultoria Empresarial Ltda,24.160.164/0002-40,CONCLUIDO,CORDEIRO - MAQUINAS E FERRAMENTAS LTDA,71.449.201/0001-19,12/12/2024,12/12/2025,,
1e4d959d-8309-4387-bc9b-719025ea181d,PO_NUBr-Indirect-2024-131 - PARTE 1 // PARTE 2,Indireto,MONIN Brasil Indústria e Consultoria Empresarial Ltda,24.160.164/0002-42,CONCLUIDO,Digital Work Computer Service Comercial Ltda,03.688.545/0008-05,12/13/2024,12/13/2025,,
bc591787-af32-4c9b-bbd0-674f4bacba60,PO_NUBr-Indireto-2024-058,Indireto,MONIN Brasil Indústria e Consultoria Empresarial Ltda,24.160.164/0002-46,CONCLUIDO,ABECOM Rolamentos e Produtos de Borracha Ltda,61.478.897/0001-58,12/13/2024,12/13/2025,,
1599ec9f-7468-4ccb-bf4f-1794d67e2cf5,PO_NUBr-Indireto-2024-124,Indireto,MONIN Brasil Indústria e Consultoria Empresarial Ltda,24.160.164/0002-47,CONCLUIDO,MERSE ARTIGOS PARA LABORATÓRIOS LTDA,68.877.752/0001-79,12/13/2024,12/13/2025,,
d316396a-58a2-4cb5-b08a-88b17b914779,PO_NUBr-Indireto-2024-126,Indireto,MONIN Brasil Indústria e Consultoria Empresarial Ltda,24.160.164/0002-48,CONCLUIDO,Limpapy Comércio de Produtos de Limpeza Ltda,03.065.518/0001-00,12/13/2024,12/13/2025,,
ee15ed16-1f98-41d6-bee7-7216e110b783,PO_NUBr-Indireto-2024-133,Indireto,MONIN Brasil Indústria e Consultoria Empresarial Ltda,24.160.164/0002-36,CONCLUIDO,CEJN DO BRASIL COM. E IND. DE COMPONENTES HIDRÁULICOS E PNEUMÁTICOS LTDA.,07.237.298/0001-05,12/16/2024,12/16/2025,,
8bd5662c-1179-45e1-9d03-6c69f0983abb,PO_NUBr-Indireto-2024-132.,Indireto,MONIN Brasil Indústria e Consultoria Empresarial Ltda,24.160.164/0002-41,CONCLUIDO,"Technical Fire Comercio, Serviços e Treinamentos EIRELI",20.708.755/0001-52,12/16/2024,12/16/2025,,
d5eedfc9-af75-43b2-9874-97986a2220eb,PO_NUBr-Indireto-2024-130,Indireto,MONIN Brasil Indústria e Consultoria Empresarial Ltda,24.160.164/0002-43,CONCLUIDO,INFORSHOP SUPRIMENTOS LTDA,56.215.999/0008-17,12/16/2024,12/16/2025,,
67bd137d-6074-4620-9bf9-74e7e80585f0,PO_NUBr-2024-019_Barentz.,Direto,MONIN Brasil Indústria e Consultoria Empresarial Ltda,24.160.164/0002-39,CONCLUIDO,BARENTZ BRASIL,69.170.462/0004-04,12/17/2024,12/17/2025,,
71a3105b-a7c5-4458-9bf4-0f9fccfb74af,PO_NUBr-SC_2024-055,Direto,MONIN Brasil Indústria e Consultoria Empresarial Ltda,24.160.164/0002-37,CONCLUIDO,FLEXCOAT PRODUTOS AUTO ADESIVOS S/A (MCC LABEL),48.062.707/0001-59,12/18/2024,12/18/2025,,
e2128a69-907e-4f24-810e-bb9691156a26,PO_NUBr-Indireto-2024_123,Indireto,MONIN Brasil Indústria e Consultoria Empresarial Ltda,24.160.164/0002-38,CONCLUIDO,DR Oliveira Comunicação Visual,08.436.732/0001-30,12/18/2024,12/18/2025,,
6e3df12e-4855-4d83-a16f-bf674e7e196e,PO_NUBr-Indireto-2024-134,Indireto,MONIN Brasil Indústria e Consultoria Empresarial Ltda,24.160.164/0002-35,CONCLUIDO,StoneX Consultoria em Futuros e Commodities Ltda,07.335.928/0001-76,12/23/2024,12/23/2025,,
a742d2e6-cb06-4669-bd7d-96636d9cf778,PO_NUBr-Indireto-2024-139,Indireto,MONIN Brasil Indústria e Consultoria Empresarial Ltda,24.160.164/0002-33,CONCLUIDO,ENDRESS+HAUSER CONTROLE E AUTOMAÇÃO LTDA,49.423.619/0001-06,12/27/2024,12/27/2025,,
4c70a7db-2dc9-4ccd-b98e-ba9bbafa1cd3,PO_NUBr-Indireto-2024-137,Indireto,MONIN Brasil Indústria e Consultoria Empresarial Ltda,24.160.164/0002-32,CONCLUIDO,CAOBIANCO E MAIA COMERCIAL DE ALIMENTOS LTDA ME ( SOFT DRINK ),02.473.794/0001-36,1/6/2025,1/6/2026,,
d9bb8b78-e70c-4af7-81f4-8ecadb31fae2,PO_NUBr-2024-051_SENSIENT,Direto,MONIN Brasil Indústria e Consultoria Empresarial Ltda,24.160.164/0002-30,CONCLUIDO,Sensient Color BR,04.249.052/0001-57,1/15/2025,1/15/2026,,
dac29cfe-c73c-4446-bb2f-e8a14b7e744f,PO_NUBr-Indirect-2024-142 (Contrato Controle de Acesso),Indireto,MONIN Brasil Indústria e Consultoria Empresarial Ltda,24.160.164/0002-27,CONCLUIDO,CONVERGINT COMÉRCIO E SERVIÇOS DE TECNOLOGIA LTDA,58.619.404/0008-14,1/17/2025,1/17/2026,,
f056ab79-63e2-4a38-831e-356e1f70cca8,PO_NUBr-2024-049_NACTIS,Direto,MONIN Brasil Indústria e Consultoria Empresarial Ltda,24.160.164/0002-29,CONCLUIDO,NACTIS FLAVOURS,Importado,1/20/2025,1/20/2026,,
9c2e069f-4116-4399-a9dd-3dca7c23d8cf,PO_NUBr-Indireto-2024-136,Indireto,MONIN Brasil Indústria e Consultoria Empresarial Ltda,24.160.164/0002-25,CONCLUIDO,INSTRUVAL INSTRUMENTOS E SERVIÇOS LTDA,00.005.063/0001-30,1/22/2025,1/22/2026,,
1f6a5ea2-55ff-4024-a0f0-20965a74e374,PO_NUBr-SC-2024-044_JEAN NEAL,Direto,MONIN Brasil Indústria e Consultoria Empresarial Ltda,24.160.164/0002-31,CONCLUIDO,JEAN NIEL INC,Importado,1/22/2025,1/22/2026,,
c1f84ef5-91b4-4544-809a-527c08a1272a,NUBr-Indirect-2024-141 - SISTEMAS ADICIONAL DE CABEAMENTO,Indireto,MONIN Brasil Indústria e Consultoria Empresarial Ltda,24.160.164/0002-26,CONCLUIDO,CONVERGINT COMÉRCIO E SERVIÇOS DE TECNOLOGIA LTDA,58.619.404/0008-14,1/23/2025,1/23/2026,,
ccb3101e-54cd-428a-8833-e0864684e090,PO_NUBr-SC-2024-037_MENZ & GASSER,Direto,MONIN Brasil Indústria e Consultoria Empresarial Ltda,24.160.164/0002-28,CONCLUIDO,MENZ & GASSER,Importado,1/23/2025,1/23/2026,,